<rss version="2.0">
	<title>Quick Link Bar Content</title>
	<link/>
	<description>"Welcome Page" Quick Link Bar Content</description>
	<lastBuildDate>Thu, 02 Sep 2004 14:48:00 GMT</lastBuildDate>
	<channel>
		<title>Release Notes</title>
		<item>
			<title>Readme</title>
			<link>bds:/readme.htm</link>
		</item>
		<item>
			<title>Install</title>
			<link>bds:/install.htm</link>
		</item>
		<item>
			<title>Deploy</title>
			<link>bds:/deploy.htm</link>
		</item>
	</channel>
	<channel>
		<title>Documentation</title>
		<item>
			<title>Getting Started</title>
			<link>http://docwiki.embarcadero.com/RADStudio/Rio/en/Getting_Started_with_RAD_Studio</link>
		</item>
		<item>
			<title>Embarcadero Education Services</title>
			<link>http://www.embarcadero.com/services/education.php</link>
		</item>
	</channel>
	<channel>
		<title>Integrated Partners</title>
		<item>
			<title>AQtime</title>
			<link>http://smartbear.com/development-tools/performance-profiling/</link>
		</item>
		<item>
			<title>Beyond Compare</title>
			<link>http://www.scootersoftware.com/</link>
		</item>
		<item>
			<title>CodeSite</title>
			<link>http://www.raize.com/DevTools/Products.asp</link>
		</item>
		<item>
			<title>glyFX Icons</title>
			<link>http://www.glyfx.com/embarcadero/</link>
		</item>
		<item>
			<title>IP*Works!</title>
			<link>http://www.nsoftware.com/ipworks/</link>
		</item>
		<item>
			<title>TeeChart</title>
			<link>http://www.steema.com/products/teechart/whatsnew.html</link>
		</item>
		<item>
			<title>IntraWeb</title>
			<link>http://www.atozed.com/intraWeb/index.en.aspx</link>
		</item>
	</channel>
	<channel>
		<title>Product Demos</title>
		<item>
			<title>SourceForge</title>
			<link>https://sourceforge.net/p/radstudiodemos/code/HEAD/tree/branches/RADStudio_Rio/</link>
		</item>
		<item>
			<title>EDNtv</title>
			<link>http://dn.embarcadero.com/tv/</link>
		</item>
		<item>
			<title>Code Central Examples</title>
			<link>http://cc.embarcadero.com</link>
		</item>
	</channel>
	<channel>
		<title>Resources</title>
		<item>
			<title>Embarcadero</title>
			<link>http://www.embarcadero.com/</link>
		</item>
		<item>
			<title>Embarcadero Developer Network</title>
			<link>http://dn.embarcadero.com/</link>
		</item>
		<item>
			<title>Registered Users Site</title>
			<link>http://www.embarcadero.com/downloads/upgrade.html</link>
		</item>
		<item>
			<title>Customer Support</title>
			<link>http://support.embarcadero.com/</link>
		</item>
		<item>
			<title>Delphi Newsgroups</title>
			<link>https://forums.embarcadero.com/category.jspa?categoryID=12</link>
		</item>
		<item>
			<title>Quality Central</title>
			<link>http://qc.embarcadero.com/</link>
		</item>
		<item>
			<title>Delphi Team Weblogs</title>
			<link>http://blogs.embarcadero.com/team/delphi</link>
		</item>
		<item>
			<title>C++ Team Weblogs</title>
			<link>http://blogs.embarcadero.com/team/cpp</link>
		</item>
		
		<item>
			<title>Embarcadero Weblogs</title>
			<link>http://blogs.embarcadero.com/</link>
		</item>
	</channel>
</rss>
