﻿<rss version="2.0">
	<title>News Headlines</title>
	<subTitle>Select Newsfeed</subTitle>
	<action>javascript:rssFeedSelected('', '[selectOnly]', '[link]');</action>
	<channel>
		<title>Embarcadero Developer Network</title>
		<item>
			<title>Delphi</title>
			<selectOnly>1</selectOnly>
			<link>http://dn.embarcadero.com/delphi/rss</link>
		</item>
		<item>
			<title>C++</title>
			<selectOnly>1</selectOnly>
			<link>http://dn.embarcadero.com/cpp/rss</link>
		</item>
		<item>
			<title>InterBase</title>
			<selectOnly>1</selectOnly>
			<link>http://dn.embarcadero.com/interbase/rss</link>
		</item>
		<item>
			<title>Java</title>
			<selectOnly>1</selectOnly>
			<link>http://dn.embarcadero.com/java/rss</link>
		</item>
		<item>
			<title>Delphi Prism</title>
			<selectOnly>1</selectOnly>
			<link>http://dn.embarcadero.com/delphi_prism/rss</link>
		</item>
	</channel>
	<channel>
		<title>CodeCentral</title>
		<item>
			<title>Delphi</title>
			<selectOnly>1</selectOnly>
			<link>http://cc.embarcadero.com/delplhi/rss</link>
		</item>
		<item>
			<title>C++Builder</title>
			<selectOnly>1</selectOnly>
			<link>http://cc.embarcadero.com/c_builder/rss</link>
		</item>
		<item>
			<title>InterBase</title>
			<selectOnly>1</selectOnly>
			<link>http://cc.embarcadero.com/interbase/rss</link>
		</item>
		<item>
			<title>JBuilder</title>
			<selectOnly>1</selectOnly>
			<link>http://cc.embarcadero.com/jbuilder/rss</link>
		</item>
		<item>
			<title>Delphi Prism</title>
			<selectOnly>1</selectOnly>
			<link>http://cc.embarcadero.com/delphi_prism/rss</link>
		</item>
	</channel>
	<channel>
		<title>Embarcadero Blogs</title>
		<item default="">
			<title>Main Aggregated Feed</title>
			<link>http://blogs.embarcadero.com/MainFeed.aspx</link>
		</item>
		<item>
			<title>Allen Bauer</title>
			<link>http://blogs.embarcadero.com/abauer/rss.aspx</link>
		</item> 
		<item>
			<title>Mark Edington</title>
			<link>http://blogs.embarcadero.com/medington/rss.aspx</link>
		</item> 
		<item>
			<title>Pawel Glowacki</title>
			<link>http://blogs.embarcadero.com/PawelGlowacki/rss.aspx</link>
		</item> 
		<item>
			<title>Malcolm Groves</title>
			<link>http://blogs.embarcadero.com/MalcolmGroves/rss.aspx</link>
		</item> 
		<item>
			<title>Chris Hesik</title>
			<link>http://blogs.embarcadero.com/ChrisHesik/rss.aspx</link>
		</item> 
		<item>
			<title>David Intersimone</title>
			<link>http://blogs.embarcadero.com/davidi/rss.aspx</link>
		</item> 
		<item>
			<title>John Kaster</title>
			<link>http://blogs.embarcadero.com/johnk/rss.aspx</link>
		</item> 
		<item>
			<title>Andreano Lanusse</title>
			<link>http://blogs.embarcadero.com/AndreanoLanusse/rss.aspx</link>
		</item> 
		<item>
			<title>Anders Ohlsson</title>
			<link>http://blogs.embarcadero.com/ao/rss.aspx</link>
		</item>
		<item>
			<title>Jason Vokes</title>
			<link>http://blogs.embarcadero.com/JasonVokes/rss.aspx</link>
		</item>
	</channel>
	<channel>
		<title>English Community Blogs</title>
		<item>
		  <title>Delphi Feeds</title>
		  <link>http://feeds.delphifeeds.com/delphifeeds?format=xml</link>
		</item>
		<item>
			<title>Marco Cantu</title>
			<link>http://feeds2.feedburner.com/marcocantublog?format=xml</link>
		</item>
		<item>
			<title>Craig Stuntz</title>
			<link>http://blogs.teamb.com/craigstuntz/Rss.aspx</link>
		</item>    
		<item>
			<title>Dr. Bob Swart</title>
			<link>http://www.drbob42.com/rss.xml</link>
		</item>  
		<item>
			<title>Holger Flick</title>
			<link>http://www.flickdotnet.de/feed/</link>
		</item> 
		<item>
			<title>David Clegg</title>
			<link>http://dcleggsblog.blogspot.com/atom.xml</link>
		</item> 
		<item>
			<title>Jeremy North</title>
			<link>http://jedqc.blogspot.com/atom.xml</link>
		</item>  
		<item>
			<title>Tobias and Dennis Gurock</title>
			<link>http://software.gurock.com/feeds/postings.rss</link>
		</item>
		<item>
			<title>CodeGearGuru</title>
			<link>http://codegearguru.com/index.php?option=com_rss&amp;feed=RSS2.0&amp;no_html=1</link>
		</item>
	</channel>
	<channel>
		<title>German Blogs/Sites</title>
		<item>
			<title>Delphi-PRAXiS News</title>
			<link>http://www.delphipraxis.net/rdf.php?f=62</link>
		</item>
		<item>
			<title>Delphi-Treff</title>
			<link>http://www.delphi-treff.de/rss.xml</link>
		</item>
		<item>
			<title>Entwickler-Ecke News</title>
			<link>http://www.entwickler-ecke.de/rss.php?f=42</link>
		</item>
	</channel>
	<channel>
		<title>Japanese Blogs</title>
		<item>
			<title>Delphi 某所</title>
			<link>http://bousyo.blog45.fc2.com/?xml</link>
		</item>

      <item>
          <title>Delphi-fan</title> 
          <link>http://hiderin.air-nifty.com/delphi/index.rdf</link> 
        </item>
       <item>
          <title>Delphi Holic (HopeSeeds blog)</title> 
          <link>http://delphiholic.hopeseeds.com/index.rdf</link> 
         </item>
	</channel>
	<channel>
		<title>Portuguese Blogs</title>
		<item>
			<title>Erick Sasse</title>
			<link>http://feeds.feedburner.com/ericksasse</link>
		</item>
		<item>
			<title>Diego Garcia</title>
			<link>http://unitonedev.blogspot.com/atom.xml</link>
		</item>
	</channel>
	<channel>
		<title>Spanish Blogs</title>
		<item>
			<title>Carlos García</title>
			<link>http://cgarcia.blogspot.com/atom.xml</link>
		</item>
	</channel>
</rss>
