﻿<xml>
	<rss selectOnly="">
		<order>010</order>
		<channel ignoreSize="1">
			<title>Release Notes</title>
			<item>
				<title>Readme</title>
				<link>bds:/readme.htm</link>
			</item>
			<item>
				<title>Install</title>
				<link>bds:/install.htm</link>
			</item>
			<item>
				<title>Deploy</title>
				<link>bds:/deploy.htm</link>
			</item>
		</channel>
	</rss>
	<rss selectOnly="">
		<order>020</order>
		<channel ignoreSize="1">
			<title>Online Documentation</title>
			<item>
				<title>Getting Started</title>
				<link>http://docwiki.embarcadero.com/RADStudio/Rio/en/Getting_Started_with_RAD_Studio</link>
			</item>
			<item>
				<title>How-To Guide</title>
				<link>http://docwiki.embarcadero.com/RADStudio/Rio/en/How_To_Use_the_IDE</link>
			</item>
			<item>
				<title>FireMonkey Application Platform </title>
				<link>http://docwiki.embarcadero.com/RADStudio/Rio/en/FireMonkey</link>
			</item>
				<item>
				<title>Embarcadero Education Services</title>
				<link>http://www.embarcadero.com/services/education.php</link>
			</item>
	  		  </channel>
	</rss>
	<rss selectOnly="">
		<order>070</order>
		<channel ignoreSize="1">
			<title>Integrated Partners</title>
			<item>
				<title>AQtime</title>
				<link>http://smartbear.com/development-tools/performance-profiling/</link>
			</item>
			<item>
				<title>Beyond Compare</title>
				<link>http://www.scootersoftware.com/</link>
			</item>
				<item>
				<title>CodeSite</title>
				<link>http://www.raize.com/DevTools/Products.asp</link>
			</item>
			<item>
			<title>Documentation Insight</title>
				<link>http://www.devjet.net/products/documentation-insight/</link>
			</item>
			<item>
				<title>FastReport</title>
				<link>http://www.fast-report.com/en/</link>
			</item>
			<item>
				<title>glyFX Icons</title>
				<link>http://www.glyfx.com/embarcadero/</link>
			</item>
			<item>
				<title>IntraWeb</title>
				<link>http://www.atozed.com/intraWeb/index.en.aspx</link>
			</item>
			<item>
				<title>IP*Works!</title>
				<link>http://www.nsoftware.com/ipworks/</link>
			</item>
			<item>
				<title>TeeChart</title>
				<link>http://www.steema.com/products/teechart/whatsnew.html</link>
			</item>
		</channel>
	</rss>
	<rss selectOnly="">
		<order>030</order>
		<channel ignoreSize="1">
			<title>Embarcadero Online Resources</title>
			<item>
				<title>Embarcadero.com</title>
				<link>http://www.embarcadero.com/</link>
			</item>
			<item>
				<title>Embarcadero Developer Network</title>
				<link>http://dn.embarcadero.com/</link>
			</item>
			<item>
				<title>Registered Users Site</title>
				<link>http://www.embarcadero.com/downloads/upgrade.html</link>
			</item>
			<item>
				<title>Customer Support</title>
				<link>http://support.embarcadero.com/</link>
			</item>
			<item>
				<title>QualityCentral</title>
				<link>http://qc.embarcadero.com/</link>
			</item>
			<item>
				<title>Embarcadero Blogs</title>
				<link>http://blogs.embarcadero.com/</link>
			</item>
			 <item>
				<title>Delphi Forum</title>
				<link>https://forums.embarcadero.com/category.jspa?categoryID=12</link>
			</item>
			 <item>
				<title>C++Builder Forum</title>
				<link>https://forums.embarcadero.com/category.jspa?categoryID=8</link>
			</item>			
		</channel>
	</rss>
	<rss selectOnly="">
		<order>040</order>
		<channel ignoreSize="1">
			<title>Product Demos</title>
			<item>
				<title>SourceForge</title>
				<link>https://sourceforge.net/p/radstudiodemos/code/HEAD/tree/branches/RADStudio_Rio/</link>
			</item>
			<item>
				<title>EDNtv</title>
				<link>http://dn.embarcadero.com/tv/</link>
			</item>
			<item>
				<title>CodeCentral Examples</title>
				<link>http://cc.embarcadero.com</link>
			</item>
		</channel>
	</rss>
	<rss selectOnly="">
		<order>060</order>
		<channel ignoreSize="1">
			<title>English Delphi Sites</title>
			<item>
				<title>About Delphi Programming</title>
				<link>http://delphi.about.com/</link>
			</item>
			<item>
				<title>Delphi Basics</title>
				<link>http://www.delphibasics.co.uk/</link>
			</item>
			<item>
				<title>Project JEDI</title>
				<link>http://www.delphi-jedi.org/</link>
			</item>
			<item>
				<title>Torry's Delphi Pages</title>
				<link>http://www.torry.net/</link>
			</item>
			<item>
				<title>The Blaise Pascal Magazine</title>
				<link>http://www.blaisepascal.eu/</link>
			</item>
			<item>
				<title>SwissDelphiCenter</title>
				<link>http://www.swissdelphicenter.ch/en/index.php</link>
			</item>
			<item>
				<title>Dr.Bob's Delphi Programming Clinic</title>
				<link>http://www.drbob42.com/</link>
			</item>
			<item>
				<title>Marco Cantù</title>
				<link>http://www.marcocantu.com/</link>
			</item>
			<item>
				<title>Delphi-Gems</title>
				<link>http://www.delphi-gems.com/</link>
			</item>
				<item>
				<title>Richey's DELPHI-BOX</title>
				<link>http://www.inner-smile.com/</link>
			</item>
		</channel>
	</rss>
	<rss selectOnly="">
		<order>080</order>
		<channel ignoreSize="1">
			<title>International Delphi Sites</title>
			<item>
				<title>Delphi-PRAXiS (de)</title>
				<link>http://www.delphipraxis.net</link>
			</item>
			<item>
				<title>Delphi-Treff (de)</title>
				<link>http://www.delphi-treff.de/</link>
			</item>
			<item>
				<title>Entwickler-Ecke (de)</title>
				<link>http://www.entwicklerecke.de/</link>
			</item>
			<item>
				<title>SwissDelphiCenter (de)</title>
				<link>http://www.swissdelphicenter.ch/de/index.php</link>
			</item>
			<item>
				<title>Delphi Forum (de)</title>
				<link>http://www.delphi-forum.de/</link>
			</item>
			<item>
				<title>Marco Cantù (it)</title>
				<link>http://www.marcocantu.it/</link>
			</item>
			<item>
				<title>Delphi CodeS-SourceS (fr)</title>
				<link>http://www.delphifr.com/</link>
			</item>
			<item>
				<title>Spécial Delphi (fr)</title>
				<link>http://www.phidels.com/</link>
			</item>
			<item>
				<title>Developpez.com (fr)</title>
				<link>http://delphi.developpez.com/</link>
			</item>
			<item>
				<title>John Colibri (fr)</title>
				<link>http://www.jcolibri.com/</link>
			</item>
		    <item>
				<title>NZN.fr.delphi- requires newsreader (fr)</title>
				<link>news://server.amis.tv/</link>
			</item>
			<item>
				<title>DelphiAccess (es)</title>
				<link>http://www.delphiaccess.com/forum</link>
			</item>
			<item>
				<title>Club Delphi (es)</title>
				<link>http://www.clubdelphi.com</link>
			</item>
			<item>
				<title>Active Delphi (pt)</title>
				<link>http://www.activedelphi.com.br/forum/index.php</link>
			</item>
			<item>
				<title>ClubeDelphi (pt)</title>
				<link>http://www.devmedia.com.br/forum/</link>
			</item>
			<item>
				<title>Lista Delphi (pt)</title>
				<link>http://groups.yahoo.com/group/lista-delphi</link>
			</item>
			<item>
				<title>Delphi-br-Lista de discussão (pt)</title>
				<link>http://groups.yahoo.com/group/delphi-br</link>
			</item>
			<item>
				<title>DataSnap-Lista de discussão (pt)</title>
				<link>http://groups.yahoo.com/group/NDDV</link>
			</item>
			<item>
				<title>Revista Active Delphi (pt)</title>
				<link>http://www.activedelphi.com.br</link>
			</item>
			<item>
				<title>Revista ClubeDelphi (pt)</title>
				<link>http://www.devmedia.com.br/assgold/listmag.asp?site=3</link>
			</item>
			 <item>
				<title>Delphi メーリングリスト (ja)</title>
				<link>http://www.freeml.com/delphi-users/</link>
			</item>
			<item>
				<title>偏った言語信者の垂れ流し (ja)</title>
				<link>http://d.hatena.ne.jp/nullpobug/</link>
			</item>
			<item>
				<title>DelFusaFloor (ja)</title>
				<link>http://delfusa.main.jp/delfusafloor/</link>
			</item>
			<item>
				<title>Delphi-fan (ja)</title>
				<link>http://hiderin.air-nifty.com/delphi/</link>
			</item>
			<item>
				<title>Owl's perspective (ja)</title>
				<link>http://owlsperspective.blogspot.com/</link>
			</item>
			<item>
				<title>デルファイホリック (ja)</title>
				<link>http://delphiholic.hopeseeds.com/</link>
			</item>
			<item>
				<title>シンクソフトDelphi開発ブログ (ja)</title>
				<link>http://thinksoft.sblo.jp/</link>
			</item>
			<item>
				<title>オルタナティブ ブログ(ja)</title>
				<link>http://blogs.itmedia.co.jp/barbaro/</link>
			</item>
			<item>
				<title>iPentec (Delphi 関連情報ページ) (ja)</title>
				<link>http://www.ipentec.com/document/document.aspx?page=delphi-index</link>
			</item>
			<item>
				<title>Delphi Library [Mr.XRAY] (ja)</title>
				<link>http://mrxray.on.coocan.jp/index.htm/</link>
			</item>
			<item>
				<title>Delphi プログラミング講座 (ja)</title>
				<link>http://wblue.web.infoseek.co.jp/delphi.html/</link>
			</item>
			<item>
				<title>Delphi 入門 Tips・WinAPI / お気楽プログラミング (ja)</title>
				<link>http://www.geocities.jp/asumaroyuumaro/program/program.html</link>
			</item>
			<item>
				<title>祥クリエイティブソフト（オリジナルコンポーネントとサンプル） (ja)</title>
				<link>http://www.eonet.ne.jp/~creativesoft/</link>
			</item>
			<item>
				<title>BfitSoft.Com (ja)</title>
				<link>http://www.bfitsoft.com/141/</link>
			</item>
		</channel>
	</rss>
    	<rss selectOnly="">
		<order>090</order>
		<channel ignoreSize="1">
			<title>English C++ Sites</title>
			<item>
				<title>Dr. Bob's C++Builder Gate</title>
				<link>http://www.drbob42.com/CBuilder/</link>
			</item>
			<item>
				<title>C++Builder Developer's Journal</title>
				<link>http://bcbjournal.org/</link>
			</item>
		</channel>
	</rss>
	  <rss selectOnly="">
		<order>90</order>
		<channel ignoreSize="1">
				<title>International C++ Sites</title>
			<item>
				<title>C++Builder メーリングリスト (ja)</title>
				<link>http://www.freeml.com/cppbuilder/</link>
			</item>
			<item>
				<title>C++Builder好きの秘密基地 (ja)</title>
				<link>http://d.hatena.ne.jp/A7M/</link>
			</item>
		</channel>
	</rss>

</xml>
