﻿<rss version="2.0">
	<lastBuildDate>Thu, 02 Sep 2004 14:48:00 GMT</lastBuildDate>
	<channel>
		<title>Documentation</title>
		<item default="" localcontent="false">
			<title>Embarcadero Developer Network</title>
			<link>http://dn.embarcadero.com/rss</link>
		</item>
	</channel>
	<channel>
		<title>Embarcadero Developer Network</title>
		<item>
			<title>Delphi</title>
			<link>http://dn.embarcadero.com/delphi/rss</link>
		</item>
		<item>
			<title>C++Builder</title>
			<link>http://dn.embarcadero.com/c_builder/rss</link>
		</item>
		<item>
			<title>InterBase</title>
			<link>http://dn.embarcadero.com/interbase/rss</link>
		</item>
		<item>
			<title>Java</title>
			<link>http://dn.embarcadero.com/java/rss</link>
		</item>
	</channel>
	<channel>
		<title>CodeCentral</title>
		<item>
			<title>Delphi</title>
			<link>http://cc.embarcadero.com/delphi/feed</link>
		</item>
		<item>
			<title>C++Builder</title>
			<link>http://cc.embarcadero.com/c_builder/feed</link>
		</item>
		<item>
			<title>InterBase</title>
			<link>http://cc.embarcadero.com/interbase/feed</link>
		</item>
		<item>
			<title>JBuilder</title>
			<link>http://cc.embarcadero.com/jbuilder/feed</link>
		</item>
	</channel>
	<channel>
		<title>Embarcadero Blogs</title>
		<item>
			<title>Main Aggregated Feed</title>
			<link>http://blogs.embarcadero.com/MainFeed.aspx</link>
		</item>
	</channel>
</rss>
